spec_id,specno,ucmp_coll,class,genus,species,subspecies,other_id,type_status,period,epoch,loc_ID_num,loc_name,county_std,state_prov_std,country_std,cont_ocean,pic,access
,,,,,,,,,,,,,,,,,,
V3002,3002,V,Mammalia,Ursus,,,,,Quaternary,Pleistocene,-1055,Potter Creek Cave,Shasta County,California,United States,North America,,yes
V3038,3038,V,Mammalia,Ursus,,,,,Quaternary,Pleistocene,-1055,Potter Creek Cave,Shasta County,California,United States,North America,,yes
V3047,3047,V,Mammalia,Ursus,,,,,Quaternary,Pleistocene,-1055,Potter Creek Cave,Shasta County,California,United States,North America,,yes
V3085,3085,V,Mammalia,Ursus,,,,,Quaternary,Pleistocene,-1055,Potter Creek Cave,Shasta County,California,United States,North America,,yes
V3088,3088,V,Mammalia,Ursus,,,,,Quaternary,Pleistocene,-1055,Potter Creek Cave,Shasta County,California,United States,North America,,yes
V3092,3092,V,Mammalia,Ursus,,,,,Quaternary,Pleistocene,-1055,Potter Creek Cave,Shasta County,California,United States,North America,,yes
V3094,3094,V,Mammalia,Ursus,,,,,Quaternary,Pleistocene,-1055,Potter Creek Cave,Shasta County,California,United States,North America,,yes
V3099,3099,V,Mammalia,Ursus,,,,,Quaternary,Pleistocene,-1055,Potter Creek Cave,Shasta County,California,United States,North America,,yes
V3114,3114,V,Mammalia,Ursus,,,,,Quaternary,Pleistocene,-1055,Potter Creek Cave,Shasta County,California,United States,North America,,yes
V3123,3123,V,Mammalia,Ursus,,,,,Quaternary,Pleistocene,-1055,Potter Creek Cave,Shasta County,California,United States,North America,,yes
V3124,3124,V,Mammalia,Ursus,,,,,Quaternary,Pleistocene,-1055,Potter Creek Cave,Shasta County,California,United States,North America,,yes
V3130,3130,V,Mammalia,Ursus,,,,,Quaternary,Pleistocene,-1055,Potter Creek Cave,Shasta County,California,United States,North America,,yes
V3133,3133,V,Mammalia,Ursus,,,,,Quaternary,Pleistocene,-1055,Potter Creek Cave,Shasta County,California,United States,North America,,yes
V3163,3163,V,Mammalia,Ursus,,,,,Quaternary,Pleistocene,-1055,Potter Creek Cave,Shasta County,California,United States,North America,,yes
V3164,3164,V,Mammalia,Ursus,,,,,Quaternary,Pleistocene,-1055,Potter Creek Cave,Shasta County,California,United States,North America,,yes
V3168,3168,V,Mammalia,Ursus,,,,,Quaternary,Pleistocene,-1055,Potter Creek Cave,Shasta County,California,United States,North America,,yes
V3193,3193,V,Mammalia,Ursus,,,,,Quaternary,Pleistocene,-1055,Potter Creek Cave,Shasta County,California,United States,North America,,yes
V3194,3194,V,Mammalia,Ursus,,,,,Quaternary,Pleistocene,-1055,Potter Creek Cave,Shasta County,California,United States,North America,,yes
V3268,3268,V,Mammalia,Ursus,,,,,Quaternary,Pleistocene,-1055,Potter Creek Cave,Shasta County,California,United States,North America,,yes
V3270,3270,V,Mammalia,Ursus,,,,,Quaternary,Pleistocene,-1055,Potter Creek Cave,Shasta County,California,United States,North America,,yes
V3275,3275,V,Mammalia,Ursus,,,,,Quaternary,Pleistocene,-1055,Potter Creek Cave,Shasta County,California,United States,North America,,yes
V3355,3355,V,Mammalia,Ursus,,,,,Quaternary,Pleistocene,-1055,Potter Creek Cave,Shasta County,California,United States,North America,,yes
V3362,3362,V,Mammalia,Ursus,,,,,Quaternary,Pleistocene,-1055,Potter Creek Cave,Shasta County,California,United States,North America,,yes
V3583,3583,V,Mammalia,Ursus,,,,,Quaternary,Pleistocene,-1055,Potter Creek Cave,Shasta County,California,United States,North America,,yes
V3584,3584,V,Mammalia,Ursus,,,,,Quaternary,Pleistocene,-1055,Potter Creek Cave,Shasta County,California,United States,North America,,yes
V3720,3720,V,Mammalia,Ursus,,,,,Quaternary,Pleistocene,-1055,Potter Creek Cave,Shasta County,California,United States,North America,,yes
V3725,3725,V,Mammalia,Ursus,,,,,Quaternary,Pleistocene,-1055,Potter Creek Cave,Shasta County,California,United States,North America,,yes
V3726,3726,V,Mammalia,Ursus,,,,,Quaternary,Pleistocene,-1055,Potter Creek Cave,Shasta County,California,United States,North America,,yes
V3727,3727,V,Mammalia,Ursus,,,,,Quaternary,Pleistocene,-1055,Potter Creek Cave,Shasta County,California,United States,North America,,yes
V3728,3728,V,Mammalia,Ursus,,,,,Quaternary,Pleistocene,-1055,Potter Creek Cave,Shasta County,California,United States,North America,,yes
V3730,3730,V,Mammalia,Ursus,,,,,Quaternary,Pleistocene,-1055,Potter Creek Cave,Shasta County,California,United States,North America,,yes
V3755,3755,V,Mammalia,Ursus,,,,,Quaternary,Pleistocene,-1055,Potter Creek Cave,Shasta County,California,United States,North America,,yes
V3758,3758,V,Mammalia,Ursus,,,,,Quaternary,Pleistocene,-1055,Potter Creek Cave,Shasta County,California,United States,North America,,yes
V3761,3761,V,Mammalia,Ursus,,,,,Quaternary,Pleistocene,-1055,Potter Creek Cave,Shasta County,California,United States,North America,,yes
V3779,3779,V,Mammalia,Ursus,,,,,Quaternary,Pleistocene,-1055,Potter Creek Cave,Shasta County,California,United States,North America,,yes
V3780,3780,V,Mammalia,Ursus,,,,,Quaternary,Pleistocene,-1055,Potter Creek Cave,Shasta County,California,United States,North America,,yes
V3781,3781,V,Mammalia,Ursus,,,,,Quaternary,Pleistocene,-1055,Potter Creek Cave,Shasta County,California,United States,North America,,yes
V3783,3783,V,Mammalia,Ursus,,,,,Quaternary,Pleistocene,-1055,Potter Creek Cave,Shasta County,California,United States,North America,,yes
V3784,3784,V,Mammalia,Ursus,,,,,Quaternary,Pleistocene,-1055,Potter Creek Cave,Shasta County,California,United States,North America,,yes
V3797,3797,V,Mammalia,Ursus,,,,,Quaternary,Pleistocene,-1055,Potter Creek Cave,Shasta County,California,United States,North America,,yes
V3806,3806,V,Mammalia,Ursus,,,,,Quaternary,Pleistocene,-1055,Potter Creek Cave,Shasta County,California,United States,North America,,yes
V3814,3814,V,Mammalia,Ursus,,,,,Quaternary,Pleistocene,-1055,Potter Creek Cave,Shasta County,California,United States,North America,,yes
V3823,3823,V,Mammalia,Ursus,,,,,Quaternary,Pleistocene,-1055,Potter Creek Cave,Shasta County,California,United States,North America,,yes
V3827,3827,V,Mammalia,Ursus,,,,,Quaternary,Pleistocene,-1055,Potter Creek Cave,Shasta County,California,United States,North America,,yes
V3828,3828,V,Mammalia,Ursus,,,,,Quaternary,Pleistocene,-1055,Potter Creek Cave,Shasta County,California,United States,North America,,yes
V3834,3834,V,Mammalia,Ursus,,,,,Quaternary,Pleistocene,-1055,Potter Creek Cave,Shasta County,California,United States,North America,,yes
V3844,3844,V,Mammalia,Ursus,,,,,Quaternary,Pleistocene,-1055,Potter Creek Cave,Shasta County,California,United States,North America,,yes
V3847,3847,V,Mammalia,Ursus,,,,,Quaternary,Pleistocene,-1055,Potter Creek Cave,Shasta County,California,United States,North America,,yes
V3855,3855,V,Mammalia,Ursus,,,,,Quaternary,Pleistocene,-1055,Potter Creek Cave,Shasta County,California,United States,North America,,yes
V3861,3861,V,Mammalia,Ursus,,,,,Quaternary,Pleistocene,-1055,Potter Creek Cave,Shasta County,California,United States,North America,,yes
V3866,3866,V,Mammalia,Ursus,,,,,Quaternary,Pleistocene,-1055,Potter Creek Cave,Shasta County,California,United States,North America,,yes
V3867,3867,V,Mammalia,Ursus,,,,,Quaternary,Pleistocene,-1055,Potter Creek Cave,Shasta County,California,United States,North America,,yes
V3868,3868,V,Mammalia,Ursus,,,,,Quaternary,Pleistocene,-1055,Potter Creek Cave,Shasta County,California,United States,North America,,yes
V3871,3871,V,Mammalia,Ursus,,,,,Quaternary,Pleistocene,-1055,Potter Creek Cave,Shasta County,California,United States,North America,,yes
V3874,3874,V,Mammalia,Ursus,,,,,Quaternary,Pleistocene,-1055,Potter Creek Cave,Shasta County,California,United States,North America,,yes
V3877,3877,V,Mammalia,Ursus,,,,,Quaternary,Pleistocene,-1055,Potter Creek Cave,Shasta County,California,United States,North America,,yes
V3878,3878,V,Mammalia,Ursus,,,,,Quaternary,Pleistocene,-1055,Potter Creek Cave,Shasta County,California,United States,North America,,yes
V3882,3882,V,Mammalia,Ursus,,,,,Quaternary,Pleistocene,-1055,Potter Creek Cave,Shasta County,California,United States,North America,0000 0000 0620 0371,yes
V3883,3883,V,Mammalia,Ursus,,,,,Quaternary,Pleistocene,-1055,Potter Creek Cave,Shasta County,California,United States,North America,,yes
V3884,3884,V,Mammalia,Ursus,,,,,Quaternary,Pleistocene,-1055,Potter Creek Cave,Shasta County,California,United States,North America,,yes
V3885,3885,V,Mammalia,Ursus,,,,,Quaternary,Pleistocene,-1055,Potter Creek Cave,Shasta County,California,United States,North America,,yes
V3887,3887,V,Mammalia,Ursus,,,,,Quaternary,Pleistocene,-1055,Potter Creek Cave,Shasta County,California,United States,North America,,yes
V3889,3889,V,Mammalia,Ursus,,,,,Quaternary,Pleistocene,-1055,Potter Creek Cave,Shasta County,California,United States,North America,,yes
V3919,3919,V,Mammalia,Ursus,,,,,Quaternary,Pleistocene,-1055,Potter Creek Cave,Shasta County,California,United States,North America,,yes
V3920,3920,V,Mammalia,Ursus,,,,,Quaternary,Pleistocene,-1055,Potter Creek Cave,Shasta County,California,United States,North America,,yes
V3929,3929,V,Mammalia,Ursus,,,,,Quaternary,Pleistocene,-1055,Potter Creek Cave,Shasta County,California,United States,North America,,yes
V3954,3954,V,Mammalia,Ursus,,,,,Quaternary,Pleistocene,-1055,Potter Creek Cave,Shasta County,California,United States,North America,,yes
V3984,3984,V,Mammalia,Ursus,,,,,Quaternary,Pleistocene,-1055,Potter Creek Cave,Shasta County,California,United States,North America,,yes
V4010,4010,V,Mammalia,Ursus,,,,,Quaternary,Pleistocene,-1055,Potter Creek Cave,Shasta County,California,United States,North America,,yes
V4013,4013,V,Mammalia,Ursus,,,,,Quaternary,Pleistocene,-1055,Potter Creek Cave,Shasta County,California,United States,North America,,yes
V4015,4015,V,Mammalia,Ursus,,,,,Quaternary,Pleistocene,-1055,Potter Creek Cave,Shasta County,California,United States,North America,,yes
V4080,4080,V,Mammalia,Ursus,,,,,Quaternary,Pleistocene,-1055,Potter Creek Cave,Shasta County,California,United States,North America,,yes
V4100,4100,V,Mammalia,Ursus,,,,,Quaternary,Pleistocene,-1055,Potter Creek Cave,Shasta County,California,United States,North America,,yes
V4104,4104,V,Mammalia,Ursus,,,,,Quaternary,Pleistocene,-1055,Potter Creek Cave,Shasta County,California,United States,North America,,yes
V4106,4106,V,Mammalia,Ursus,,,,,Quaternary,Pleistocene,-1055,Potter Creek Cave,Shasta County,California,United States,North America,,yes
V4109,4109,V,Mammalia,Ursus,,,,,Quaternary,Pleistocene,-1055,Potter Creek Cave,Shasta County,California,United States,North America,,yes
V4117,4117,V,Mammalia,Ursus,,,,,Quaternary,Pleistocene,-1055,Potter Creek Cave,Shasta County,California,United States,North America,,yes
V4124,4124,V,Mammalia,Ursus,,,,,Quaternary,Pleistocene,-1055,Potter Creek Cave,Shasta County,California,United States,North America,,yes
V4170,4170,V,Mammalia,Ursus,,,,,Quaternary,Pleistocene,-1055,Potter Creek Cave,Shasta County,California,United States,North America,,yes
V4177,4177,V,Mammalia,Ursus,,,,,Quaternary,Pleistocene,-1055,Potter Creek Cave,Shasta County,California,United States,North America,,yes
V4213,4213,V,Mammalia,Ursus,,,,,Quaternary,Pleistocene,-1055,Potter Creek Cave,Shasta County,California,United States,North America,,yes
V4234,4234,V,Mammalia,Ursus,,,,,Quaternary,Pleistocene,-1055,Potter Creek Cave,Shasta County,California,United States,North America,,yes
V4292,4292,V,Mammalia,Ursus,,,,,Quaternary,Pleistocene,-1055,Potter Creek Cave,Shasta County,California,United States,North America,,yes
V4308,4308,V,Mammalia,Ursus,,,,,Quaternary,Pleistocene,-1055,Potter Creek Cave,Shasta County,California,United States,North America,,yes
V4309,4309,V,Mammalia,Ursus,,,,,Quaternary,Pleistocene,-1055,Potter Creek Cave,Shasta County,California,United States,North America,,yes
V4310,4310,V,Mammalia,Ursus,,,,,Quaternary,Pleistocene,-1055,Potter Creek Cave,Shasta County,California,United States,North America,,yes
V4313,4313,V,Mammalia,Ursus,,,,,Quaternary,Pleistocene,-1055,Potter Creek Cave,Shasta County,California,United States,North America,,yes
V4314,4314,V,Mammalia,Ursus,,,,,Quaternary,Pleistocene,-1055,Potter Creek Cave,Shasta County,California,United States,North America,,yes
V4318,4318,V,Mammalia,Ursus,,,,,Quaternary,Pleistocene,-1055,Potter Creek Cave,Shasta County,California,United States,North America,,yes
V4355,4355,V,Mammalia,Ursus,,,,,Quaternary,Pleistocene,-1055,Potter Creek Cave,Shasta County,California,United States,North America,,yes
V4356,4356,V,Mammalia,Ursus,,,,,Quaternary,Pleistocene,-1055,Potter Creek Cave,Shasta County,California,United States,North America,,yes
V4366,4366,V,Mammalia,Ursus,,,,,Quaternary,Pleistocene,-1055,Potter Creek Cave,Shasta County,California,United States,North America,,yes
V4368,4368,V,Mammalia,Ursus,,,,,Quaternary,Pleistocene,-1055,Potter Creek Cave,Shasta County,California,United States,North America,,yes
V4373,4373,V,Mammalia,Ursus,,,,,Quaternary,Pleistocene,-1055,Potter Creek Cave,Shasta County,California,United States,North America,,yes
V4381,4381,V,Mammalia,Ursus,,,,,Quaternary,Pleistocene,-1055,Potter Creek Cave,Shasta County,California,United States,North America,,yes
V4395,4395,V,Mammalia,Ursus,,,,,Quaternary,Pleistocene,-1055,Potter Creek Cave,Shasta County,California,United States,North America,,yes
V4429,4429,V,Mammalia,Ursus,,,,,Quaternary,Pleistocene,-1055,Potter Creek Cave,Shasta County,California,United States,North America,,yes
V4441,4441,V,Mammalia,Ursus,,,,,Quaternary,Pleistocene,-1055,Potter Creek Cave,Shasta County,California,United States,North America,,yes
V4457,4457,V,Mammalia,Ursus,,,,,Quaternary,Pleistocene,-1055,Potter Creek Cave,Shasta County,California,United States,North America,,yes
V4459,4459,V,Mammalia,Ursus,,,,,Quaternary,Pleistocene,-1055,Potter Creek Cave,Shasta County,California,United States,North America,,yes
V4465,4465,V,Mammalia,Ursus,,,,,Quaternary,Pleistocene,-1055,Potter Creek Cave,Shasta County,California,United States,North America,,yes
V4470,4470,V,Mammalia,Ursus,,,,,Quaternary,Pleistocene,-1055,Potter Creek Cave,Shasta County,California,United States,North America,,yes
V4472,4472,V,Mammalia,Ursus,,,,,Quaternary,Pleistocene,-1055,Potter Creek Cave,Shasta County,California,United States,North America,,yes
V4473,4473,V,Mammalia,Ursus,,,,,Quaternary,Pleistocene,-1055,Potter Creek Cave,Shasta County,California,United States,North America,,yes
V4476,4476,V,Mammalia,Ursus,,,,,Quaternary,Pleistocene,-1055,Potter Creek Cave,Shasta County,California,United States,North America,,yes
V4482,4482,V,Mammalia,Ursus,,,,,Quaternary,Pleistocene,-1055,Potter Creek Cave,Shasta County,California,United States,North America,,yes
V4485,4485,V,Mammalia,Ursus,,,,,Quaternary,Pleistocene,-1055,Potter Creek Cave,Shasta County,California,United States,North America,,yes
V4486,4486,V,Mammalia,Ursus,,,,,Quaternary,Pleistocene,-1055,Potter Creek Cave,Shasta County,California,United States,North America,,yes
V4491,4491,V,Mammalia,Ursus,,,,,Quaternary,Pleistocene,-1055,Potter Creek Cave,Shasta County,California,United States,North America,,yes
V4492,4492,V,Mammalia,Ursus,,,,,Quaternary,Pleistocene,-1055,Potter Creek Cave,Shasta County,California,United States,North America,,yes
V4495,4495,V,Mammalia,Ursus,,,,,Quaternary,Pleistocene,-1055,Potter Creek Cave,Shasta County,California,United States,North America,,yes
V4660,4660,V,Mammalia,Ursus,,,,,Quaternary,Pleistocene,V65217,Samwell Cave General,Shasta County,California,United States,North America,,yes
V5006,5006,V,Mammalia,Ursus,,,,,Quaternary,Pleistocene,-1055,Potter Creek Cave,Shasta County,California,United States,North America,,yes
V5036,5036,V,Mammalia,Ursus,,,,,Quaternary,Pleistocene,-1055,Potter Creek Cave,Shasta County,California,United States,North America,,yes
V5037,5037,V,Mammalia,Ursus,,,,,Quaternary,Pleistocene,-1055,Potter Creek Cave,Shasta County,California,United States,North America,,yes
V5063,5063,V,Mammalia,Ursus,,,,,Quaternary,Pleistocene,-1055,Potter Creek Cave,Shasta County,California,United States,North America,,yes
V5064,5064,V,Mammalia,Ursus,,,,,Quaternary,Pleistocene,-1055,Potter Creek Cave,Shasta County,California,United States,North America,,yes
V5065,5065,V,Mammalia,Ursus,,,,,Quaternary,Pleistocene,-1055,Potter Creek Cave,Shasta County,California,United States,North America,,yes
V5102,5102,V,Mammalia,Ursus,,,,,Quaternary,Pleistocene,-1055,Potter Creek Cave,Shasta County,California,United States,North America,,yes
V5131,5131,V,Mammalia,Ursus,,,,,Quaternary,Pleistocene,-1055,Potter Creek Cave,Shasta County,California,United States,North America,,yes
V5173,5173,V,Mammalia,Ursus,,,,,Quaternary,Pleistocene,-1055,Potter Creek Cave,Shasta County,California,United States,North America,,yes
V5196,5196,V,Mammalia,Ursus,,,,,Quaternary,Pleistocene,-1055,Potter Creek Cave,Shasta County,California,United States,North America,,yes
V5199,5199,V,Mammalia,Ursus,,,,,Quaternary,Pleistocene,-1055,Potter Creek Cave,Shasta County,California,United States,North America,,yes
V5219,5219,V,Mammalia,Ursus,,,,,Quaternary,Pleistocene,-1055,Potter Creek Cave,Shasta County,California,United States,North America,,yes
V5264,5264,V,Mammalia,Ursus,,,,,Quaternary,Pleistocene,-1055,Potter Creek Cave,Shasta County,California,United States,North America,,yes
V5268,5268,V,Mammalia,Ursus,,,,,Quaternary,Pleistocene,-1055,Potter Creek Cave,Shasta County,California,United States,North America,,yes
V5270,5270,V,Mammalia,Ursus,,,,,Quaternary,Pleistocene,-1055,Potter Creek Cave,Shasta County,California,United States,North America,,yes
V5282,5282,V,Mammalia,Ursus,,,,,Quaternary,Pleistocene,-1055,Potter Creek Cave,Shasta County,California,United States,North America,,yes
V5284,5284,V,Mammalia,Ursus,,,,,Quaternary,Pleistocene,-1055,Potter Creek Cave,Shasta County,California,United States,North America,,yes
V5347,5347,V,Mammalia,Ursus,,,,,Quaternary,Pleistocene,-1055,Potter Creek Cave,Shasta County,California,United States,North America,,yes
V5365,5365,V,Mammalia,Ursus,,,,,Quaternary,Pleistocene,-1055,Potter Creek Cave,Shasta County,California,United States,North America,,yes
V5402,5402,V,Mammalia,Ursus,,,,,Quaternary,Pleistocene,-1055,Potter Creek Cave,Shasta County,California,United States,North America,,yes
V5525,5525,V,Mammalia,Ursus,,,,,Quaternary,Pleistocene,-1055,Potter Creek Cave,Shasta County,California,United States,North America,,yes
V5528,5528,V,Mammalia,Ursus,,,,,Quaternary,Pleistocene,-1055,Potter Creek Cave,Shasta County,California,United States,North America,,yes
V5540,5540,V,Mammalia,Ursus,,,,,Quaternary,Pleistocene,-1055,Potter Creek Cave,Shasta County,California,United States,North America,,yes
V5574,5574,V,Mammalia,Ursus,,,,,Quaternary,Pleistocene,-1055,Potter Creek Cave,Shasta County,California,United States,North America,,yes
V5579,5579,V,Mammalia,Ursus,,,,,Quaternary,Pleistocene,-1055,Potter Creek Cave,Shasta County,California,United States,North America,,yes
V5631,5631,V,Mammalia,Ursus,,,,,Quaternary,Pleistocene,-1055,Potter Creek Cave,Shasta County,California,United States,North America,,yes
V5642,5642,V,Mammalia,Ursus,,,,,Quaternary,Pleistocene,-1055,Potter Creek Cave,Shasta County,California,United States,North America,,yes
V5710,5710,V,Mammalia,Ursus,,,,,Quaternary,Pleistocene,-1055,Potter Creek Cave,Shasta County,California,United States,North America,,yes
V5849,5849,V,Mammalia,Ursus,,,,,Quaternary,Pleistocene,-1055,Potter Creek Cave,Shasta County,California,United States,North America,,yes
V5880,5880,V,Mammalia,Ursus,,,,,Quaternary,Pleistocene,-1055,Potter Creek Cave,Shasta County,California,United States,North America,,yes
V5941,5941,V,Mammalia,Ursus,,,,,Quaternary,Pleistocene,-1055,Potter Creek Cave,Shasta County,California,United States,North America,,yes
V5976,5976,V,Mammalia,Ursus,,,,,Quaternary,Pleistocene,-1055,Potter Creek Cave,Shasta County,California,United States,North America,,yes
V5983,5983,V,Mammalia,Ursus,,,,,Quaternary,Pleistocene,-1055,Potter Creek Cave,Shasta County,California,United States,North America,,yes
V5985,5985,V,Mammalia,Ursus,,,,,Quaternary,Pleistocene,-1055,Potter Creek Cave,Shasta County,California,United States,North America,,yes
V6167,6167,V,Mammalia,Ursus,,,,,Quaternary,Pleistocene,-1055,Potter Creek Cave,Shasta County,California,United States,North America,,yes
V6321,6321,V,Mammalia,Ursus,,,,,Quaternary,Pleistocene,-1055,Potter Creek Cave,Shasta County,California,United States,North America,,yes
V6374,6374,V,Mammalia,Ursus,,,,,Quaternary,Pleistocene,-1055,Potter Creek Cave,Shasta County,California,United States,North America,,yes
V6377,6377,V,Mammalia,Ursus,,,,,Quaternary,Pleistocene,-1055,Potter Creek Cave,Shasta County,California,United States,North America,,yes
V6383,6383,V,Mammalia,Ursus,,,,,Quaternary,Pleistocene,-1055,Potter Creek Cave,Shasta County,California,United States,North America,,yes
V6384,6384,V,Mammalia,Ursus,,,,,Quaternary,Pleistocene,-1055,Potter Creek Cave,Shasta County,California,United States,North America,,yes
V6409,6409,V,Mammalia,Ursus,,,,,Quaternary,Pleistocene,-1055,Potter Creek Cave,Shasta County,California,United States,North America,,yes
V6732,6732,V,Mammalia,Ursus,,,,,Quaternary,Pleistocene,-1055,Potter Creek Cave,Shasta County,California,United States,North America,,yes
V6944,6944,V,Mammalia,Ursus,,,,,Quaternary,Pleistocene,-1055,Potter Creek Cave,Shasta County,California,United States,North America,,yes
V6991,6991,V,Mammalia,Ursus,,,,,Quaternary,Pleistocene,-1055,Potter Creek Cave,Shasta County,California,United States,North America,,yes
V8066,8066,V,Mammalia,Ursus,,,,,Quaternary,Pleistocene,-1055,Potter Creek Cave,Shasta County,California,United States,North America,,yes
V8068,8068,V,Mammalia,Ursus,,,,,Quaternary,Pleistocene,-1055,Potter Creek Cave,Shasta County,California,United States,North America,,yes
V8108,8108,V,Mammalia,Ursus,maritimus,,,,Quaternary,Recent,R0,Recent Element Collection,,,,,2222 0804 0004 0025,yes
V8148,8148,V,Mammalia,Ursus,,,,,Quaternary,Pleistocene,-1055,Potter Creek Cave,Shasta County,California,United States,North America,,yes
V8180,8180,V,Mammalia,Ursus,,,,,Quaternary,Pleistocene,-1055,Potter Creek Cave,Shasta County,California,United States,North America,,yes
V8193,8193,V,Mammalia,Ursus,,,,,Quaternary,Pleistocene,-1055,Potter Creek Cave,Shasta County,California,United States,North America,,yes
V8216,8216,V,Mammalia,Ursus,,,,,Quaternary,Pleistocene,-1055,Potter Creek Cave,Shasta County,California,United States,North America,,yes
V8224,8224,V,Mammalia,Ursus,,,,,Quaternary,Pleistocene,-1055,Potter Creek Cave,Shasta County,California,United States,North America,,yes
V8225,8225,V,Mammalia,Ursus,,,,,Quaternary,Pleistocene,-1055,Potter Creek Cave,Shasta County,California,United States,North America,,yes
V8233,8233,V,Mammalia,Ursus,,,,,Quaternary,Pleistocene,-1055,Potter Creek Cave,Shasta County,California,United States,North America,,yes
V8234,8234,V,Mammalia,Ursus,,,,,Quaternary,Pleistocene,-1055,Potter Creek Cave,Shasta County,California,United States,North America,,yes
V8243,8243,V,Mammalia,Ursus,americanus,,,,Quaternary,Pleistocene,-1055,Potter Creek Cave,Shasta County,California,United States,North America,,yes
V8252,8252,V,Mammalia,Ursus,,,,,Quaternary,Pleistocene,-1055,Potter Creek Cave,Shasta County,California,United States,North America,,yes
V8255,8255,V,Mammalia,Ursus,,,,,Quaternary,Pleistocene,-1055,Potter Creek Cave,Shasta County,California,United States,North America,,yes
V8266,8266,V,Mammalia,Ursus,,,,,Quaternary,Pleistocene,-1055,Potter Creek Cave,Shasta County,California,United States,North America,,yes
V8276,8276,V,Mammalia,Ursus,,,,,Quaternary,Pleistocene,-1055,Potter Creek Cave,Shasta County,California,United States,North America,,yes
V8285,8285,V,Mammalia,Ursus,,,,,Quaternary,Pleistocene,-1055,Potter Creek Cave,Shasta County,California,United States,North America,,yes
V8287,8287,V,Mammalia,Ursus,,,,,Quaternary,Pleistocene,-1055,Potter Creek Cave,Shasta County,California,United States,North America,,yes
V8290,8290,V,Mammalia,Ursus,,,,,Quaternary,Pleistocene,-1055,Potter Creek Cave,Shasta County,California,United States,North America,,yes
V8292,8292,V,Mammalia,Ursus,,,,,Quaternary,Pleistocene,-1055,Potter Creek Cave,Shasta County,California,United States,North America,,yes
V8308,8308,V,Mammalia,Ursus,,,,,Quaternary,Pleistocene,-1055,Potter Creek Cave,Shasta County,California,United States,North America,,yes
V8309,8309,V,Mammalia,Ursus,,,,,Quaternary,Pleistocene,-1055,Potter Creek Cave,Shasta County,California,United States,North America,,yes
V8318,8318,V,Mammalia,Ursus,,,,,Quaternary,Pleistocene,-1055,Potter Creek Cave,Shasta County,California,United States,North America,,yes
V8320,8320,V,Mammalia,Ursus,,,,,Quaternary,Pleistocene,-1055,Potter Creek Cave,Shasta County,California,United States,North America,,yes
V8321,8321,V,Mammalia,Ursus,,,,,Quaternary,Pleistocene,-1055,Potter Creek Cave,Shasta County,California,United States,North America,,yes
V8326,8326,V,Mammalia,Ursus,,,,,Quaternary,Pleistocene,-1055,Potter Creek Cave,Shasta County,California,United States,North America,,yes
V8327,8327,V,Mammalia,Ursus,,,,,Quaternary,Pleistocene,-1055,Potter Creek Cave,Shasta County,California,United States,North America,,yes
V8328,8328,V,Mammalia,Ursus,,,,,Quaternary,Pleistocene,-1055,Potter Creek Cave,Shasta County,California,United States,North America,,yes
V8330,8330,V,Mammalia,Ursus,,,,,Quaternary,Pleistocene,-1055,Potter Creek Cave,Shasta County,California,United States,North America,,yes
V8331,8331,V,Mammalia,Ursus,,,,,Quaternary,Pleistocene,-1055,Potter Creek Cave,Shasta County,California,United States,North America,,yes
V8349,8349,V,Mammalia,Ursus,,,,,Quaternary,Pleistocene,-1055,Potter Creek Cave,Shasta County,California,United States,North America,,yes
V8379,8379,V,Mammalia,Ursus,,,,,Quaternary,Pleistocene,-1055,Potter Creek Cave,Shasta County,California,United States,North America,,yes
V8380,8380,V,Mammalia,Ursus,,,,,Quaternary,Pleistocene,-1055,Potter Creek Cave,Shasta County,California,United States,North America,,yes
V8387,8387,V,Mammalia,Ursus,,,,,Quaternary,Pleistocene,-1055,Potter Creek Cave,Shasta County,California,United States,North America,,yes
V8423,8423,V,Mammalia,Ursus,,,,,Quaternary,Pleistocene,-1055,Potter Creek Cave,Shasta County,California,United States,North America,,yes
V8424,8424,V,Mammalia,Ursus,,,,,Quaternary,Pleistocene,-1055,Potter Creek Cave,Shasta County,California,United States,North America,,yes
V8433,8433,V,Mammalia,Ursus,,,,,Quaternary,Pleistocene,-1055,Potter Creek Cave,Shasta County,California,United States,North America,,yes
V8438,8438,V,Mammalia,Ursus,,,,,Quaternary,Pleistocene,-1055,Potter Creek Cave,Shasta County,California,United States,North America,,yes
V8459,8459,V,Mammalia,Ursus,,,,,Quaternary,Pleistocene,-1055,Potter Creek Cave,Shasta County,California,United States,North America,,yes
V8460,8460,V,Mammalia,Ursus,,,,,Quaternary,Pleistocene,-1055,Potter Creek Cave,Shasta County,California,United States,North America,,yes
V8461,8461,V,Mammalia,Ursus,,,,,Quaternary,Pleistocene,-1055,Potter Creek Cave,Shasta County,California,United States,North America,,yes
V8462,8462,V,Mammalia,Ursus,,,,,Quaternary,Pleistocene,-1055,Potter Creek Cave,Shasta County,California,United States,North America,,yes
V8463,8463,V,Mammalia,Ursus,,,,,Quaternary,Pleistocene,-1055,Potter Creek Cave,Shasta County,California,United States,North America,,yes
V8482,8482,V,Mammalia,Ursus,,,,,Quaternary,Pleistocene,-1055,Potter Creek Cave,Shasta County,California,United States,North America,,yes
V8488,8488,V,Mammalia,Ursus,,,,,Quaternary,Pleistocene,-1055,Potter Creek Cave,Shasta County,California,United States,North America,,yes
V8492,8492,V,Mammalia,Ursus,,,,,Quaternary,Pleistocene,-1055,Potter Creek Cave,Shasta County,California,United States,North America,,yes
V8494,8494,V,Mammalia,Ursus,,,,,Quaternary,Pleistocene,-1055,Potter Creek Cave,Shasta County,California,United States,North America,,yes
V8499,8499,V,Mammalia,Ursus,,,,,Quaternary,Pleistocene,-1055,Potter Creek Cave,Shasta County,California,United States,North America,,yes
V8501,8501,V,Mammalia,Ursus,,,,,Quaternary,Pleistocene,-1055,Potter Creek Cave,Shasta County,California,United States,North America,,yes
V8503,8503,V,Mammalia,Ursus,,,,,Quaternary,Pleistocene,-1055,Potter Creek Cave,Shasta County,California,United States,North America,,yes
V8514,8514,V,Mammalia,Ursus,,,,,Quaternary,Pleistocene,-1055,Potter Creek Cave,Shasta County,California,United States,North America,,yes
V8523,8523,V,Mammalia,Ursus,,,,,Quaternary,Pleistocene,-1055,Potter Creek Cave,Shasta County,California,United States,North America,,yes
V8529,8529,V,Mammalia,Ursus,,,,,Quaternary,Pleistocene,-1055,Potter Creek Cave,Shasta County,California,United States,North America,,yes
V8537,8537,V,Mammalia,Ursus,,,,,Quaternary,Pleistocene,-1055,Potter Creek Cave,Shasta County,California,United States,North America,,yes
V8548,8548,V,Mammalia,Ursus,,,,,Quaternary,Pleistocene,-1055,Potter Creek Cave,Shasta County,California,United States,North America,,yes
V8553,8553,V,Mammalia,Ursus,,,,,Quaternary,Pleistocene,-1055,Potter Creek Cave,Shasta County,California,United States,North America,,yes
V8558,8558,V,Mammalia,Ursus,,,,,Quaternary,Pleistocene,-1055,Potter Creek Cave,Shasta County,California,United States,North America,,yes
V8561,8561,V,Mammalia,Ursus,,,,,Quaternary,Pleistocene,-1055,Potter Creek Cave,Shasta County,California,United States,North America,,yes
V8574,8574,V,Mammalia,Ursus,,,,,Quaternary,Pleistocene,-1055,Potter Creek Cave,Shasta County,California,United States,North America,,yes
V8575,8575,V,Mammalia,Ursus,,,,,Quaternary,Pleistocene,-1055,Potter Creek Cave,Shasta County,California,United States,North America,,yes
V8576,8576,V,Mammalia,Ursus,,,,,Quaternary,Pleistocene,-1055,Potter Creek Cave,Shasta County,California,United States,North America,,yes
V8578,8578,V,Mammalia,Ursus,,,,,Quaternary,Pleistocene,-1055,Potter Creek Cave,Shasta County,California,United States,North America,,yes
V8583,8583,V,Mammalia,Ursus,,,,,Quaternary,Pleistocene,-1055,Potter Creek Cave,Shasta County,California,United States,North America,,yes
V8584,8584,V,Mammalia,Ursus,,,,,Quaternary,Pleistocene,-1055,Potter Creek Cave,Shasta County,California,United States,North America,,yes
V8590,8590,V,Mammalia,Ursus,,,,,Quaternary,Pleistocene,-1055,Potter Creek Cave,Shasta County,California,United States,North America,,yes
V8611,8611,V,Mammalia,Ursus,,,,,Quaternary,Pleistocene,-1055,Potter Creek Cave,Shasta County,California,United States,North America,,yes
V8613,8613,V,Mammalia,Ursus,,,,,Quaternary,Pleistocene,-1055,Potter Creek Cave,Shasta County,California,United States,North America,,yes
V8618,8618,V,Mammalia,Ursus,,,,,Quaternary,Pleistocene,-1055,Potter Creek Cave,Shasta County,California,United States,North America,,yes
V8622,8622,V,Mammalia,Ursus,,,,,Quaternary,Pleistocene,-1055,Potter Creek Cave,Shasta County,California,United States,North America,,yes
V8637,8637,V,Mammalia,Ursus,,,,,Quaternary,Pleistocene,-1055,Potter Creek Cave,Shasta County,California,United States,North America,,yes
V8653,8653,V,Mammalia,Ursus,,,,,Quaternary,Pleistocene,-1055,Potter Creek Cave,Shasta County,California,United States,North America,,yes
V8654,8654,V,Mammalia,Ursus,,,,,Quaternary,Pleistocene,-1055,Potter Creek Cave,Shasta County,California,United States,North America,,yes
V8655,8655,V,Mammalia,Ursus,,,,,Quaternary,Pleistocene,-1055,Potter Creek Cave,Shasta County,California,United States,North America,,yes
V8656,8656,V,Mammalia,Ursus,,,,,Quaternary,Pleistocene,-1055,Potter Creek Cave,Shasta County,California,United States,North America,,yes
V8661,8661,V,Mammalia,Ursus,,,,,Quaternary,Pleistocene,-1055,Potter Creek Cave,Shasta County,California,United States,North America,,yes
V8665,8665,V,Mammalia,Ursus,,,,,Quaternary,Pleistocene,-1055,Potter Creek Cave,Shasta County,California,United States,North America,,yes
V8679,8679,V,Mammalia,Ursus,,,,,Quaternary,Pleistocene,-1055,Potter Creek Cave,Shasta County,California,United States,North America,,yes
V8687,8687,V,Mammalia,Ursus,,,,,Quaternary,Pleistocene,-1055,Potter Creek Cave,Shasta County,California,United States,North America,,yes
V8688,8688,V,Mammalia,Ursus,,,,,Quaternary,Pleistocene,-1055,Potter Creek Cave,Shasta County,California,United States,North America,,yes
V8691,8691,V,Mammalia,Ursus,,,,,Quaternary,Pleistocene,-1055,Potter Creek Cave,Shasta County,California,United States,North America,,yes
V8692,8692,V,Mammalia,Ursus,,,,,Quaternary,Pleistocene,-1055,Potter Creek Cave,Shasta County,California,United States,North America,,yes
V8697,8697,V,Mammalia,Ursus,,,,,Quaternary,Pleistocene,-1055,Potter Creek Cave,Shasta County,California,United States,North America,,yes
V8699,8699,V,Mammalia,Ursus,,,,,Quaternary,Pleistocene,-1055,Potter Creek Cave,Shasta County,California,United States,North America,,yes
V8707,8707,V,Mammalia,Ursus,,,,,Quaternary,Pleistocene,-1055,Potter Creek Cave,Shasta County,California,United States,North America,,yes
V8708,8708,V,Mammalia,Ursus,,,,,Quaternary,Pleistocene,-1055,Potter Creek Cave,Shasta County,California,United States,North America,,yes
V8709,8709,V,Mammalia,Ursus,,,,,Quaternary,Pleistocene,-1055,Potter Creek Cave,Shasta County,California,United States,North America,,yes
V8722,8722,V,Mammalia,Ursus,,,,,Quaternary,Pleistocene,-1055,Potter Creek Cave,Shasta County,California,United States,North America,,yes
V8723,8723,V,Mammalia,Ursus,,,,,Quaternary,Pleistocene,-1055,Potter Creek Cave,Shasta County,California,United States,North America,,yes
V8724,8724,V,Mammalia,Ursus,,,,,Quaternary,Pleistocene,-1055,Potter Creek Cave,Shasta County,California,United States,North America,,yes
V8725,8725,V,Mammalia,Ursus,,,,,Quaternary,Pleistocene,-1055,Potter Creek Cave,Shasta County,California,United States,North America,,yes
V8728,8728,V,Mammalia,Ursus,,,,,Quaternary,Pleistocene,-1055,Potter Creek Cave,Shasta County,California,United States,North America,,yes
V8733,8733,V,Mammalia,Ursus,,,,,Quaternary,Pleistocene,-1055,Potter Creek Cave,Shasta County,California,United States,North America,,yes
V8745,8745,V,Mammalia,Ursus,,,,,Quaternary,Pleistocene,-1055,Potter Creek Cave,Shasta County,California,United States,North America,,yes
V8746,8746,V,Mammalia,Ursus,,,,,Quaternary,Pleistocene,-1055,Potter Creek Cave,Shasta County,California,United States,North America,,yes
V8814,8814,V,Mammalia,Ursus,,,,,Quaternary,Recent,R0,Recent Element Collection,,,,,2222 0904 0030 0074,yes
V8815,8815,V,Mammalia,Ursus,arctos,horribilis,,,Quaternary,Recent,R0,Recent Element Collection,,,,,0000 2222 9167 1892,yes
V8817,8817,V,Mammalia,Ursus,americanus,,,PUBL,Quaternary,Recent,R0,Recent Element Collection,,,,,2222 0904 0030 0077,yes
V8818,8818,V,Mammalia,Ursus,americanus,,,,Quaternary,Recent,R0,Recent Element Collection,,,,,2222 0904 0030 0078,yes
V8819,8819,V,Mammalia,Ursus,americanus,,,,Quaternary,Recent,R0,Recent Element Collection,,,,,2222 0904 0030 0079,yes
V8820,8820,V,Mammalia,Ursus,americanus,,,,Quaternary,Recent,R0,Recent Element Collection,,,,,2222 0904 0030 0080,yes
V8821,8821,V,Mammalia,Ursus,,,,,Quaternary,Recent,R0,Recent Element Collection,,,,,2222 0904 0030 0081,yes
V8822,8822,V,Mammalia,Ursus,,,,,Quaternary,Recent,R0,Recent Element Collection,,,,,2222 0904 0030 0082,yes
V8823,8823,V,Mammalia,Ursus,,,,,Quaternary,Recent,R0,Recent Element Collection,,,,,2222 0904 0030 0083,yes
V8824,8824,V,Mammalia,Ursus,,,,,Quaternary,Recent,R0,Recent Element Collection,,,,,2222 0904 0030 0084,yes
V8825,8825,V,Mammalia,Ursus,,,,,Quaternary,Recent,R0,Recent Element Collection,,,,,2222 0904 0030 0085,yes
V8841,8841,V,Mammalia,Ursus,arctos,horribilis,,,Quaternary,Recent,R0,Recent Element Collection,,,,,2222 0904 0030 0099,yes
V8842,8842,V,Mammalia,Ursus,maritimus,,,,Quaternary,Recent,R0,Recent Element Collection,,,,,2222 0904 0030 0100,yes
V8851,8851,V,Mammalia,Ursus,americanus,,,PUBL,Quaternary,Pleistocene,-1009,Samwel Cave 2,Shasta County,California,United States,North America,0000 2222 9167 1884,yes
V8860,8860,V,Mammalia,Ursus,,,,,Quaternary,Pleistocene,-1008,Samwell Cave 1,Shasta County,California,United States,North America,,yes
V8938,8938,V,Mammalia,Ursus,,,,,Quaternary,Pleistocene,-1008,Samwell Cave 1,Shasta County,California,United States,North America,,yes
V8965,8965,V,Mammalia,Ursus,americanus,,,,Quaternary,Pleistocene,-1008,Samwell Cave 1,Shasta County,California,United States,North America,,yes
V9003,9003,V,Mammalia,Ursus,,,,,Quaternary,Pleistocene,-1008,Samwell Cave 1,Shasta County,California,United States,North America,,yes
V9007,9007,V,Mammalia,Ursus,,,,,Quaternary,Pleistocene,-1008,Samwell Cave 1,Shasta County,California,United States,North America,,yes
V9009,9009,V,Mammalia,Ursus,,,,,Quaternary,Pleistocene,-1008,Samwell Cave 1,Shasta County,California,United States,North America,,yes
V9127,9127,V,Mammalia,Ursus,americanus,,,,Quaternary,Recent,R0,Recent Element Collection,,,,,2222 0904 0030 0104,yes
V9245,9245,V,Mammalia,Ursus,,,,,Quaternary,Pleistocene,-1028,Font de Gaume Cavern,,Dordogne,France,Europe,,yes
V9390,9390,V,Mammalia,Ursus,americanus,,,,Quaternary,Pleistocene,-1009,Samwel Cave 2,Shasta County,California,United States,North America,,yes
V9416,9416,V,Mammalia,Ursus,,,,,Quaternary,Pleistocene,-1008,Samwell Cave 1,Shasta County,California,United States,North America,,yes
V9446,9446,V,Mammalia,Ursus,,,,,Quaternary,Pleistocene,-1008,Samwell Cave 1,Shasta County,California,United States,North America,,yes
V9451,9451,V,Mammalia,Ursus,americanus,,,,Quaternary,Pleistocene,-1009,Samwel Cave 2,Shasta County,California,United States,North America,,yes
V9482,9482,V,Mammalia,Ursus,americanus,,,,Quaternary,Pleistocene,-1008,Samwell Cave 1,Shasta County,California,United States,North America,,yes
V9501,9501,V,Mammalia,Ursus,americanus,,,,Quaternary,Pleistocene,-1009,Samwel Cave 2,Shasta County,California,United States,North America,,yes
V9502,9502,V,Mammalia,Ursus,americanus,,,,Quaternary,Pleistocene,-1009,Samwel Cave 2,Shasta County,California,United States,North America,,yes
V9503,9503,V,Mammalia,Ursus,,,,,Quaternary,Pleistocene,-1008,Samwell Cave 1,Shasta County,California,United States,North America,,yes
V9506,9506,V,Mammalia,Ursus,,,,,Quaternary,Pleistocene,-1008,Samwell Cave 1,Shasta County,California,United States,North America,,yes
V9511,9511,V,Mammalia,Ursus,,,,,Quaternary,Pleistocene,-1009,Samwel Cave 2,Shasta County,California,United States,North America,,yes
V9524,9524,V,Mammalia,Ursus,americanus,,,,Quaternary,Pleistocene,-1008,Samwell Cave 1,Shasta County,California,United States,North America,,yes
V9533,9533,V,Mammalia,Ursus,,,,,Quaternary,Pleistocene,-1008,Samwell Cave 1,Shasta County,California,United States,North America,,yes
V9541,9541,V,Mammalia,Ursus,,,,,Quaternary,Pleistocene,-1008,Samwell Cave 1,Shasta County,California,United States,North America,,yes
V9543,9543,V,Mammalia,Ursus,,,,,Quaternary,Pleistocene,-1008,Samwell Cave 1,Shasta County,California,United States,North America,,yes
V9545,9545,V,Mammalia,Ursus,,,,,Quaternary,Pleistocene,-1008,Samwell Cave 1,Shasta County,California,United States,North America,,yes
V9650,9650,V,Mammalia,Ursus,,,,,Quaternary,Pleistocene,-1008,Samwell Cave 1,Shasta County,California,United States,North America,,yes
V9651,9651,V,Mammalia,Ursus,,,,,Quaternary,Pleistocene,-1008,Samwell Cave 1,Shasta County,California,United States,North America,,yes
V9659,9659,V,Mammalia,Ursus,,,,,Quaternary,Pleistocene,-1009,Samwel Cave 2,Shasta County,California,United States,North America,,yes
V9660,9660,V,Mammalia,Ursus,,,,,Quaternary,Pleistocene,-1009,Samwel Cave 2,Shasta County,California,United States,North America,,yes
V9661,9661,V,Mammalia,Ursus,,,,,Quaternary,Pleistocene,-1009,Samwel Cave 2,Shasta County,California,United States,North America,,yes
V9697,9697,V,Mammalia,Ursus,,,,,Quaternary,Pleistocene,-1009,Samwel Cave 2,Shasta County,California,United States,North America,,yes
V9735,9735,V,Mammalia,Ursus,,,,,Quaternary,Pleistocene,-1008,Samwell Cave 1,Shasta County,California,United States,North America,,yes
V9792,9792,V,Mammalia,Ursus,,,,,Quaternary,Pleistocene,-1008,Samwell Cave 1,Shasta County,California,United States,North America,,yes
V9805,9805,V,Mammalia,Ursus,,,,,Quaternary,Pleistocene,-1008,Samwell Cave 1,Shasta County,California,United States,North America,,yes
V9844,9844,V,Mammalia,Ursus,maritimus,,,,Quaternary,Recent,R0,Recent Element Collection,,,,,2222 0904 0030 0110,yes
V9845,9845,V,Mammalia,Ursus,maritimus,,,,Quaternary,Recent,R0,Recent Element Collection,,,,,2222 0904 0030 0111,yes
V10066,10066,V,Mammalia,Ursus,,,,,Quaternary,Pleistocene,-1057,Samwel Cave 3,Shasta County,California,United States,North America,,yes
V10083,10083,V,Mammalia,Ursus,,,,,Quaternary,Pleistocene,-1009,Samwel Cave 2,Shasta County,California,United States,North America,,yes
V10084,10084,V,Mammalia,Ursus,,,,,Quaternary,Pleistocene,-1009,Samwel Cave 2,Shasta County,California,United States,North America,,yes
V10085,10085,V,Mammalia,Ursus,,,,,Quaternary,Pleistocene,-1009,Samwel Cave 2,Shasta County,California,United States,North America,,yes
V10135,10135,V,Mammalia,Ursus,,,,,Quaternary,Pleistocene,-1008,Samwell Cave 1,Shasta County,California,United States,North America,,yes
V10217,10217,V,Mammalia,Ursus,,,,,Quaternary,Pleistocene,-1055,Potter Creek Cave,Shasta County,California,United States,North America,,yes
V10218,10218,V,Mammalia,Ursus,,,,,Quaternary,Pleistocene,-1055,Potter Creek Cave,Shasta County,California,United States,North America,,yes
V10222,10222,V,Mammalia,Ursus,,,,,Quaternary,Pleistocene,-1055,Potter Creek Cave,Shasta County,California,United States,North America,,yes
V10225,10225,V,Mammalia,Ursus,,,,,Quaternary,Pleistocene,-1055,Potter Creek Cave,Shasta County,California,United States,North America,,yes
V10237,10237,V,Mammalia,Ursus,,,,,Quaternary,Pleistocene,-1055,Potter Creek Cave,Shasta County,California,United States,North America,,yes
V10241,10241,V,Mammalia,Ursus,,,,,Quaternary,Pleistocene,-1055,Potter Creek Cave,Shasta County,California,United States,North America,,yes
V10250,10250,V,Mammalia,Ursus,,,,,Quaternary,Pleistocene,-1055,Potter Creek Cave,Shasta County,California,United States,North America,,yes
V10271,10271,V,Mammalia,Ursus,,,,,Quaternary,Pleistocene,-1055,Potter Creek Cave,Shasta County,California,United States,North America,,yes
V10272,10272,V,Mammalia,Ursus,,,,,Quaternary,Pleistocene,-1055,Potter Creek Cave,Shasta County,California,United States,North America,,yes
V22260,22260,V,Mammalia,Ursus,americanus,,,,Quaternary,Recent,R0,Recent Element Collection,,,,,2222 0904 0033 0005,yes
V24089,24089,V,Mammalia,Ursus,arctos,,,,Quaternary,Recent,R0,Recent Element Collection,,,,,2222 0904 0034 0107,yes
V27308,27308,V,Mammalia,Ursus,,,,,Quaternary,Pleistocene,V401,Holden Cave,Shasta County,California,United States,North America,,yes
V27331,27331,V,Mammalia,Ursus,,,,,Quaternary,Pleistocene,-1009,Samwel Cave 2,Shasta County,California,United States,North America,,yes
V31037,31037,V,Mammalia,Ursus,,,,,Quaternary,Pleistocene,V69178,Amador Co General,Amador County,California,United States,North America,,yes
V32117,32117,V,Mammalia,Ursus,spelaeus,,,,Quaternary,Pleistocene,V3426,Carso Plateau,,Friuli-Venezia Giulia,Italy,Europe,0000 2222 9167 1874,yes
V33208,33208,V,Mammalia,Ursus,,,,,Quaternary,Pleistocene,-1055,Potter Creek Cave,Shasta County,California,United States,North America,,yes
V33209,33209,V,Mammalia,Ursus,,,,,Quaternary,Pleistocene,-1055,Potter Creek Cave,Shasta County,California,United States,North America,,yes
V33210,33210,V,Mammalia,Ursus,,,,,Quaternary,Pleistocene,-1055,Potter Creek Cave,Shasta County,California,United States,North America,,yes
V33276,33276,V,Mammalia,Ursus,,,,,Quaternary,Pleistocene,-1055,Potter Creek Cave,Shasta County,California,United States,North America,,yes
V33277,33277,V,Mammalia,Ursus,,,,,Quaternary,Pleistocene,-1055,Potter Creek Cave,Shasta County,California,United States,North America,,yes
V34071,34071,V,Mammalia,Ursus,,,,,Quaternary,Pleistocene,V3819,Twin Falls,Twin Falls County,Idaho,United States,North America,,yes
V34773,34773,V,Mammalia,Ursus,,,,,Tertiary,Pliocene,V3721,Cita Canyon 1,Randall County,Texas,United States,North America,,yes
V34774,34774,V,Mammalia,Ursus,,,,,Tertiary,Pliocene,V3721,Cita Canyon 1,Randall County,Texas,United States,North America,,yes
V35701,35701,V,Mammalia,Ursus,,,,,Quaternary,Pleistocene,-1009,Samwel Cave 2,Shasta County,California,United States,North America,,yes
V35702,35702,V,Mammalia,Ursus,,,,,Quaternary,Pleistocene,-1009,Samwel Cave 2,Shasta County,California,United States,North America,,yes
V35703,35703,V,Mammalia,Ursus,arctos,,,,Quaternary,Pleistocene,-1008,Samwell Cave 1,Shasta County,California,United States,North America,,yes
V35704,35704,V,Mammalia,Ursus,arctos,,,,Quaternary,Pleistocene,-1008,Samwell Cave 1,Shasta County,California,United States,North America,,yes
V35706,35706,V,Mammalia,Ursus,americanus,,,,Quaternary,Pleistocene,-1009,Samwel Cave 2,Shasta County,California,United States,North America,,yes
V35707,35707,V,Mammalia,Ursus,americanus,,,,Quaternary,Pleistocene,-1009,Samwel Cave 2,Shasta County,California,United States,North America,,yes
V35708,35708,V,Mammalia,Ursus,americanus,,,,Quaternary,Pleistocene,-1009,Samwel Cave 2,Shasta County,California,United States,North America,,yes
V35709,35709,V,Mammalia,Ursus,americanus,,,,Quaternary,Pleistocene,-1009,Samwel Cave 2,Shasta County,California,United States,North America,0000 2222 4632 4157,yes
V35710,35710,V,Mammalia,Ursus,americanus,,,,Quaternary,Pleistocene,-1009,Samwel Cave 2,Shasta County,California,United States,North America,,yes
V35711,35711,V,Mammalia,Ursus,,,,,Quaternary,Pleistocene,-1008,Samwell Cave 1,Shasta County,California,United States,North America,,yes
V35712,35712,V,Mammalia,Ursus,americanus,,,,Quaternary,Pleistocene,-1009,Samwel Cave 2,Shasta County,California,United States,North America,,yes
V35716,35716,V,Mammalia,Ursus,americanus,,,,Quaternary,Pleistocene,-1009,Samwel Cave 2,Shasta County,California,United States,North America,,yes
V35718,35718,V,Mammalia,Ursus,,,,,Quaternary,Pleistocene,-1009,Samwel Cave 2,Shasta County,California,United States,North America,,yes
V35750,35750,V,Mammalia,Ursus,,,,,Quaternary,Pleistocene,-1009,Samwel Cave 2,Shasta County,California,United States,North America,,yes
V42328,42328,V,Mammalia,Ursus,arctos,horribilis,,,Quaternary,Recent,R0,Recent Element Collection,,,,,2222 0904 0035 0046,yes
V42824,42824,V,Mammalia,Ursus,arctos,middendorfi,,,Quaternary,Pleistocene,V5243,College,Fourth Judicial Division,Alaska,United States,North America,,yes
V58802,58802,V,Mammalia,Ursus,,,,,Quaternary,Recent,R0,Recent Element Collection,,,,,2222 0904 0037 0021,yes
V67164,67164,V,Mammalia,Ursus,,,,,Quaternary,Recent,R0,Recent Element Collection,,,,,2222 0904 0036 0107,yes
V67165,67165,V,Mammalia,Ursus,,,,,Quaternary,Recent,R0,Recent Element Collection,,,,,2222 0904 0036 0108,yes
V70566,70566,V,Mammalia,Ursus,etruscus,,,,Quaternary,Pleistocene,V65675,Faella,Arezzo Province,Tuscany,Italy,Europe,,yes
V70567,70567,V,Mammalia,Ursus,etruscus,,,,Quaternary,Pleistocene,V65676,Olivola,Massa-Carrara Province,Tuscany,Italy,Europe,,yes
V70568,70568,V,Mammalia,Ursus,etruscus,,,,Quaternary,Pleistocene,V65676,Olivola,Massa-Carrara Province,Tuscany,Italy,Europe,,yes
V70569,70569,V,Mammalia,Ursus,etruscus,,,,Quaternary,Pleistocene,V65676,Olivola,Massa-Carrara Province,Tuscany,Italy,Europe,,yes
V70570,70570,V,Mammalia,Ursus,etruscus,,,,Quaternary,Pleistocene,V65676,Olivola,Massa-Carrara Province,Tuscany,Italy,Europe,,yes
V79379,79379,V,Mammalia,Ursus,,,,,Tertiary,Pliocene,V66132,Arondelli,Asti Province,Piedmont,Italy,Europe,,yes
V85122,85122,V,Mammalia,Ursus,americanus,,,,Quaternary,Recent,R0,Recent Element Collection,,,,,0000 0000 0413 0725,yes
V114150,114150,V,Mammalia,Ursus,,,,,Quaternary,Pleistocene,-1057,Samwel Cave 3,Shasta County,California,United States,North America,,yes
V122607,122607,V,Mammalia,Ursus,americanus,,,,Quaternary,Recent,R0,Recent Element Collection,,,,,2222 0904 0016 0067,yes
V122608,122608,V,Mammalia,Ursus,americanus,,,,Quaternary,Recent,R0,Recent Element Collection,,,,,2222 0904 0016 0068,yes
V122609,122609,V,Mammalia,Ursus,americanus,,,,Quaternary,Recent,R0,Recent Element Collection,,,,,2222 0904 0016 0069,yes
V122610,122610,V,Mammalia,Ursus,americanus,,,,Quaternary,Recent,R0,Recent Element Collection,,,,,2222 0904 0016 0070,yes
V131947,131947,V,Mammalia,Ursus,thibeticus,,,PUBL,Quaternary,Recent,R0,Recent Element Collection,,,,,2222 0704 0052 0001,yes
V138192,138192,V,Mammalia,Ursus,,,,,Quaternary,Recent,R0,Recent Element Collection,,,,,2222 0904 0026 0001,yes
V138359,138359,V,Mammalia,Ursus,americanus,,,,Quaternary,Recent,R0,Recent Element Collection,,,,,2222 0804 0006 0005,yes
V138360,138360,V,Mammalia,Ursus,americanus,,,,Quaternary,Recent,R0,Recent Element Collection,,,,,2222 0804 0006 0006,yes
V138361,138361,V,Mammalia,Ursus,americanus,,,,Quaternary,Recent,R0,Recent Element Collection,,,,,2222 0804 0006 0007,yes
V138362,138362,V,Mammalia,Ursus,americanus,,,,Quaternary,Recent,R0,Recent Element Collection,,,,,2222 0804 0006 0008,yes
V138363,138363,V,Mammalia,Ursus,americanus,,,,Quaternary,Recent,R0,Recent Element Collection,,,,,2222 0804 0006 0009,yes
V139263,139263,V,Mammalia,Ursus,abstrusus,,,FIG,Tertiary,Pliocene,V93067,Buckeye Creek,Douglas County,Nevada,United States,North America,0000 0000 0911 0164,yes
V165119,165119,V,Mammalia,Ursus,americanus,,,,Quaternary,Recent,R0,Recent Element Collection,,,,,,yes
V190510,190510,V,Mammalia,Ursus,americanus,,,FIG,Quaternary,Pleistocene,V78027,Pacheco 2,Contra Costa County,California,United States,North America,,yes
V190565,190565,V,Mammalia,Ursus,americanus,,,PUBL,Quaternary,Pleistocene,V78027,Pacheco 2,Contra Costa County,California,United States,North America,,yes
V190927,190927,V,Mammalia,Ursus,americanus,,,,Quaternary,Pleistocene,V78027,Pacheco 2,Contra Costa County,California,United States,North America,,yes
V205876,205876,V,Mammalia,Ursus,,,,,Quaternary,Holocene,V96017,Lamar Cave,Park County,Wyoming,United States,North America,,yes
V205877,205877,V,Mammalia,Ursus,arctos,,,,Quaternary,Holocene,V96017,Lamar Cave,Park County,Wyoming,United States,North America,,yes
V205878,205878,V,Mammalia,Ursus,arctos,,,,Quaternary,Holocene,V96017,Lamar Cave,Park County,Wyoming,United States,North America,,yes
V205879,205879,V,Mammalia,Ursus,arctos,,,,Quaternary,Holocene,V96017,Lamar Cave,Park County,Wyoming,United States,North America,,yes
V205880,205880,V,Mammalia,Ursus,arctos,,,,Quaternary,Holocene,V96017,Lamar Cave,Park County,Wyoming,United States,North America,,yes
V205881,205881,V,Mammalia,Ursus,arctos,,,,Quaternary,Holocene,V96017,Lamar Cave,Park County,Wyoming,United States,North America,,yes
V205882,205882,V,Mammalia,Ursus,arctos,,,,Quaternary,Holocene,V96017,Lamar Cave,Park County,Wyoming,United States,North America,,yes
V205883,205883,V,Mammalia,Ursus,arctos,,,,Quaternary,Holocene,V96017,Lamar Cave,Park County,Wyoming,United States,North America,,yes
V205884,205884,V,Mammalia,Ursus,,,,,Quaternary,Holocene,V96017,Lamar Cave,Park County,Wyoming,United States,North America,,yes
V205885,205885,V,Mammalia,Ursus,,,,,Quaternary,Holocene,V96017,Lamar Cave,Park County,Wyoming,United States,North America,,yes
V228553,228553,V,Mammalia,Ursus,,,,,Quaternary,Pleistocene,V65217,Samwell Cave General,Shasta County,California,United States,North America,,yes
V228554,228554,V,Mammalia,Ursus,,,,,Quaternary,Pleistocene,V65217,Samwell Cave General,Shasta County,California,United States,North America,,yes
V248034,248034,V,Mammalia,Ursus,,,,,Quaternary,Pleistocene,-7139,Sternberg Pit (McKittrick),Kern County,California,United States,North America,,yes
V248089,248089,V,Mammalia,Ursus,americanus,,,,Quaternary,Pleistocene,-7139,Sternberg Pit (McKittrick),Kern County,California,United States,North America,,yes
V282674,282674,V,Mammalia,Ursus,americanus,,,,Quaternary,Pleistocene,-7139,Sternberg Pit (McKittrick),Kern County,California,United States,North America,0000 2222 4008 3684,yes
V282745,282745,V,Mammalia,Ursus,americanus,,,,Quaternary,Pleistocene,-7139,Sternberg Pit (McKittrick),Kern County,California,United States,North America,0000 2222 4008 4112,yes
